source_code,name,type,is_active,branch
00001,DRIVER,Gudang,Ya,PT HANSOLL INDO JAVA
00002,PPIC,Gudang,Ya,PT HANSOLL INDO JAVA
00004,PRODUKSI SEWING F2,Gudang,Ya,PT HANSOLL INDO JAVA
00005,QC F2,Gudang,Ya,PT HANSOLL INDO JAVA
00006,CUTTING F2,Gudang,Ya,PT HANSOLL INDO JAVA
00007,MESS,Gudang,Ya,PT HANSOLL INDO JAVA
00008,MEKANIK F2,Gudang,Ya,PT HANSOLL INDO JAVA
00010,CLINIC F2,Gudang,Ya,PT HANSOLL INDO JAVA
00011,QA F2,Gudang,Ya,PT HANSOLL INDO JAVA
00012,IRON F2,Gudang,Ya,PT HANSOLL INDO JAVA
00013,Accounting,Gudang,Ya,PT HANSOLL INDO JAVA
00014,MEKANIK,Gudang,Ya,PT HANSOLL INDO JAVA
BP,BP,Gudang,Ya,PT HANSOLL INDO JAVA
CL,CLINIC F1,Gudang,Ya,PT HANSOLL INDO JAVA
CS,CSR,Gudang,Ya,PT HANSOLL INDO JAVA
CT,CUTTING F1,Gudang,Ya,PT HANSOLL INDO JAVA
EX,EXIM,Gudang,Ya,PT HANSOLL INDO JAVA
FN,PACKING F2,Gudang,Ya,PT HANSOLL INDO JAVA
GA,GENERAL,Gudang,Ya,PT HANSOLL INDO JAVA
HRD,HRD,Gudang,Ya,PT HANSOLL INDO JAVA
IR,IRON F1,Gudang,Ya,PT HANSOLL INDO JAVA
IT,IT,Gudang,Ya,PT HANSOLL INDO JAVA
LA,LABORAT,Gudang,Ya,PT HANSOLL INDO JAVA
ME,ME,Gudang,Ya,PT HANSOLL INDO JAVA
MK,MEKANIK F1,Gudang,Ya,PT HANSOLL INDO JAVA
OP,OFFICE PRODUKSI,Gudang,Ya,PT HANSOLL INDO JAVA
PC,PACKING F1,Gudang,Ya,PT HANSOLL INDO JAVA
QA,QA F1,Gudang,Ya,PT HANSOLL INDO JAVA
QC,QC F1,Gudang,Ya,PT HANSOLL INDO JAVA
SA,SAMPLE,Gudang,Ya,PT HANSOLL INDO JAVA
SE,PRODUKSI SEWING F1,Gudang,Ya,PT HANSOLL INDO JAVA
SP,WASHING,Gudang,Ya,PT HANSOLL INDO JAVA
WH,WAREHOUSE,Gudang,Ya,PT HANSOLL INDO JAVA
